{
  "version": 1,
  "author": "Anonymous maker",
  "editor": "wokwi",
  "parts": [
    {
      "type": "wokwi-pi-pico",
      "id": "pico",
      "top": -79.95,
      "left": 80.4,
      "attrs": { "env": "micropython-20231227-v1.22.0" }
    },
    { "type": "wokwi-hc-sr04", "id": "ultrasonic1", "top": -56.1, "left": -196.1, "attrs": {} }
  ],
  "connections": [
    [ "ultrasonic1:VCC", "pico:3V3", "red", [ "v124.8", "h307.2" ] ],
    [ "ultrasonic1:TRIG", "pico:GP2", "green", [ "v0" ] ],
    [ "ultrasonic1:ECHO", "pico:GP3", "green", [ "v0" ] ],
    [ "ultrasonic1:GND", "pico:GND.3", "black", [ "v0" ] ]
  ],
  "dependencies": {}
}