{
  "version": 1,
  "author": "Anonymous maker",
  "editor": "wokwi",
  "parts": [
    {
      "type": "wokwi-pi-pico",
      "id": "pico",
      "top": -60.75,
      "left": 13.2,
      "attrs": { "env": "micropython-20231227-v1.22.0" }
    },
    {
      "type": "wokwi-pir-motion-sensor",
      "id": "pir1",
      "top": -53.6,
      "left": -199.38,
      "attrs": {}
    },
    {
      "type": "wokwi-led",
      "id": "led1",
      "top": 82.8,
      "left": -197.8,
      "attrs": { "color": "red" }
    }
  ],
  "connections": [
    [ "pir1:GND", "pico:GND.1", "black", [ "v0" ] ],
    [ "pir1:VCC", "pico:3V3", "red", [ "v0" ] ],
    [ "pico:GP28", "pir1:OUT", "green", [ "h0" ] ],
    [ "led1:A", "pico:GP19", "blue", [ "v0" ] ],
    [ "led1:C", "pir1:GND", "black", [ "v0" ] ]
  ],
  "dependencies": {}
}