{
  "version": 1,
  "author": "Kennedy Blanding",
  "editor": "wokwi",
  "parts": [
    {
      "type": "wokwi-pi-pico",
      "id": "pico",
      "top": -70.35,
      "left": -6,
      "attrs": { "env": "micropython-20231227-v1.22.0" }
    },
    {
      "type": "wokwi-led",
      "id": "led1",
      "top": -22.8,
      "left": -140.2,
      "attrs": { "color": "magenta" }
    }
  ],
  "connections": [ [ "led1:C", "pico:GND.8", "green", [ "v0" ] ], [ "led1:A", "pico:GP2", "green", [ "v0" ] ] ],
  "dependencies": {}
}