{
  "version": 1,
  "author": "Luis Ochoa",
  "editor": "wokwi",
  "parts": [
    {
      "type": "board-pi-pico-w",
      "id": "pico",
      "top": -156.85,
      "left": -73.25,
      "attrs": { "env": "micropython-20230426-v1.20.0" }
    },
    {
      "type": "wokwi-lcd1602",
      "id": "lcd1",
      "top": -50.28,
      "left": 58.42,
      "attrs": { "pins": "i2c" }
    }
  ],
  "connections": [
    [ "lcd1:GND", "pico:GND.8", "black", [ "v0.14", "h-39.92", "v-34.62" ] ],
    [ "pico:VBUS", "lcd1:VCC", "red", [ "h49.21", "v62.24" ] ],
    [ "pico:GP4", "lcd1:SDA", "purple", [ "h124.8", "v96" ] ],
    [ "pico:GP5", "lcd1:SCL", "yellow", [ "h0" ] ]
  ],
  "dependencies": {}
}