{
  "version": 1,
  "author": "Anonymous maker",
  "editor": "wokwi",
  "parts": [
    {
      "type": "wokwi-pi-pico",
      "id": "pico",
      "top": -60.75,
      "left": 13.2,
      "attrs": { "env": "micropython-20231227-v1.22.0" }
    },
    {
      "type": "wokwi-dht22",
      "id": "dht1",
      "top": -47.7,
      "left": -159,
      "attrs": { "temperature": "80" }
    }
  ],
  "connections": [
    [ "dht1:GND", "pico:GND.1", "black", [ "v0" ] ],
    [ "dht1:VCC", "pico:3V3", "red", [ "v0" ] ],
    [ "dht1:SDA", "pico:GP4", "green", [ "v0" ] ]
  ],
  "dependencies": {}
}